id_usuario;primer_nombre;segundo_nombre;primer_apellido;segundo_apellido;edad;correo_electronico;telefono
1;thomas;stuart;rogelio;Caguasango;19;thomas12@gmail.com;7236426
2;María;Mireya;acevedo;cuna;20;maria@yahoo.com;3107928262
3;carolina;neyra;romero ;gomez;25;nyra@gmail.com;2136547896
4;fredy ;francisco;flores;segura;30;fredy@gmail.com.co;2154896245
5;maria;ofedia;fuentes;leaño;32;ofidea@yahoo.com;2363636363
6;victor;hugo;figueroa;laguna;22;victor12@gmail.com;3200025252
7;adolf;hilqul;garcia;garcia;55;adolfmatansa@yahoo.com;1236547891
8;romania;karen;radamel;galindo;84;gali@hotmail.com;2515826666
9;armando;manuel;gallardo;rodriguez ;24;armandoparedes@gmail.com;552255254
10;baru;ricardo;duran;edmoon;18;baru@yahoo.com;78596582
11;steven;juan;feliiz;hernandes;18;felizz@gmail.com;221515215
12;teadoro ;steven;escobar;contreras;70;taadoro@yahoo.com;2123652456
13;johan;stift;bebesita;casas;25;johan12@gmail.com;856932417
14;mauricio;elias;herrera;tropel;66;mauricio@hotmail.com;123654998
15;juan;juanes;vazques;torres;22;juan78@yahoo.com;12525252
16;armando;tropel;quiroga ;martinez;22;armando@hotmail.com;3313856161
17;martin;nicolas;perez;perea;64;martinpk@gmail.com;225235411
18;paola;angie;leon ;leon;81;pao@yahoo.com;123655568
19;helen;johana ;bueno;bueno;42;helem@gmail.com;2365236659
20;diana;marcela;reyes;valvoa;15;diana@gmail.com;2569989636
21;juan ;pablo;dominguex;murcia;19;pablo@hotmail.com;222525636
22;terresa ;larry;ronaldo;rodriguez ;21;terresa@gmail.com;22201488
23;enrique ;carlos;estrada;esquivel;21;angel@yahoo.com;11152632
24;rodrigo ;angel;ferreira;ignasio;22;ferreira@hotmail.com;2515558522
25;virgilio;arcadio;perea ;perez;23;arcadio@gmail.com;2251252
26;angie;fabiana;segura;pinzon;12;segura?@yahoo.com;22511452
27;johan ;nevets;romeiro;güevara;69;nevets@gmail.com;225235
28;nevets;gonzalo ;leaño;correa;30;gonzalo12@yahoo.com;2152541
29;nelson;gelipe;merlanho;domingues;31;gelipe@yahoo.com;252336225
30;radamel;falcao;garcia;zarate;20;falcao@gmail.com;2514145
